Workbook

Sheet Cómo llenar
A1: Cómo llenar esta tabla
A3: Qué es | B3: Fuente única de los 25 productos de la tienda. La web, las fichas y las cotizaciones leerán de aquí; cada dato se cambia una sola vez.
A4: Qué llenar | B4: En la hoja Productos, columnas C a K (Nombre a Fotos). Familia, Botón y Enlace del botón están en gris y se calculan solas.
A5: Listas | B5: Estado y Tipo de venta se eligen de una lista; las opciones se editan en Parámetros.
A6: Correo de pedidos | B6: Se escribe una vez en Parámetros, celda B17 (amarilla).
A8: Regla del botón
A9: Estado | B9: Tipo de venta | C9: Botón | D9: Enlace del botón
A10: Disponible | B10: Directa | C10: Comprar | D10: Enlace de pago
A11: Disponible | B11: Mensaje | C11: Consultar | D11: Correo con el código en el asunto
A12: Próximamente | B12: Cualquiera | C12: Avísame | D12: Correo con el código en el asunto
A13: Agotado | B13: Cualquiera | C13: Agotado | D13: Sin enlace
A15: Ejemplo de formato (no es un producto)
A16: Código | B16: Nombre | C16: Descripción corta | D16: Materiales | E16: Tallas o medidas | F16: Precio (MXN) | G16: Estado | H16: Tipo de venta
A17: S-00 | B17: Gorra ejemplo | C17: Texto de una o dos líneas | D17: Algodón 100% | E17: Talla única | F17: 450 | G17: Disponible | H17: Directa
A19: Supuestos de este borrador
A20: S, E y R representan tres familias de prueba (Gorras, Chamarras, Calcetas). No son los productos reales; se renombran en Parámetros.
A21: Supuesto: los 5 productos R se venden por mensaje y los 20 restantes de forma directa. Se cambia en la columna Tipo de venta.
A22: Se usan S y E porque T y C ya existen en el catálogo de efectos de la web.
A23: Lo legal (aviso de privacidad, devoluciones, facturación, etiquetado) queda fuera de esta tabla por ahora.
A24: El correo de pedidos está pendiente.

Sheet Productos
A1: Código | B1: Familia | C1: Nombre | D1: Descripción corta | E1: Materiales | F1: Tallas o medidas | G1: Precio (MXN) | H1: Estado | I1: Tipo de venta | J1: Enlace de pago | K1: Fotos (archivo) | L1: Botón | M1: Enlace del botón
A2: S-01 | B2: =IFERROR(INDEX(Parámetros!$B$4:$B$6,MATCH(LEFT(A2,1),Parámetros!$A$4:$A$6,0)),"") -> Gorras | C2: Gorra de prueba 01 | D2: Texto de ejemplo para la ficha de la pieza. | E2: Material de ejemplo | F2: Talla única | G2: 450 | H2: Disponible | I2: Directa | J2: https://example.com/pago/s-01 | L2: =IF(C2="","",IF(H2="Agotado","Agotado",IF(H2="Próximamente","Avísame",IF(I2="Mensaje","Consultar",IF(I2="Directa","Comprar",""))))) -> Comprar | M2: =IF(C2="","",IF(H2="Agotado","",IF(H2="Próximamente",IF(Parámetros!$B$17="","","mailto:"&Parámetros!$B$17&"?subject=Aviso%20"&A2),IF(I2="Mensaje",IF(Parámetros!$B$17="","","mailto:"&Parámetros!$B$17&"?subject=Consulta%20"&A2),IF(I2="Directa",J2&"",""))))) -> https://example.com/pago/s-01
A3: S-02 | B3: =IFERROR(INDEX(Parámetros!$B$4:$B$6,MATCH(LEFT(A3,1),Parámetros!$A$4:$A$6,0)),"") -> Gorras | C3: Gorra de prueba 02 | D3: Texto de ejemplo para la ficha de la pieza. | E3: Material de ejemplo | F3: Talla única | G3: 450 | H3: Disponible | I3: Directa | J3: https://example.com/pago/s-02 | L3: =IF(C3="","",IF(H3="Agotado","Agotado",IF(H3="Próximamente","Avísame",IF(I3="Mensaje","Consultar",IF(I3="Directa","Comprar",""))))) -> Comprar | M3: =IF(C3="","",IF(H3="Agotado","",IF(H3="Próximamente",IF(Parámetros!$B$17="","","mailto:"&Parámetros!$B$17&"?subject=Aviso%20"&A3),IF(I3="Mensaje",IF(Parámetros!$B$17="","","mailto:"&Parámetros!$B$17&"?subject=Consulta%20"&A3),IF(I3="Directa",J3&"",""))))) -> https://example.com/pago/s-02
A4: S-03 | B4: =IFERROR(INDEX(Parámetros!$B$4:$B$6,MATCH(LEFT(A4,1),Parámetros!$A$4:$A$6,0)),"") -> Gorras | C4: Gorra de prueba 03 | D4: Texto de ejemplo para la ficha de la pieza. | E4: Material de ejemplo | F4: Talla única | G4: 450 | H4: Disponible | I4: Directa | J4: https://example.com/pago/s-03 | L4: =IF(C4="","",IF(H4="Agotado","Agotado",IF(H4="Próximamente","Avísame",IF(I4="Mensaje","Consultar",IF(I4="Directa","Comprar",""))))) -> Comprar | M4: =IF(C4="","",IF(H4="Agotado","",IF(H4="Próximamente",IF(Parámetros!$B$17="","","mailto:"&Parámetros!$B$17&"?subject=Aviso%20"&A4),IF(I4="Mensaje",IF(Parámetros!$B$17="","","mailto:"&Parámetros!$B$17&"?subject=Consulta%20"&A4),IF(I4="Directa",J4&"",""))))) -> https://example.com/pago/s-03
A5: S-04 | B5: =IFERROR(INDEX(Parámetros!$B$4:$B$6,MATCH(LEFT(A5,1),Parámetros!$A$4:$A$6,0)),"") -> Gorras | C5: Gorra de prueba 04 | D5: Texto de ejemplo para la ficha de la pieza. | E5: Material de ejemplo | F5: Talla única | G5: 450 | H5: Disponible | I5: Directa | J5: https://example.com/pago/s-04 | L5: =IF(C5="","",IF(H5="Agotado","Agotado",IF(H5="Próximamente","Avísame",IF(I5="Mensaje","Consultar",IF(I5="Directa","Comprar",""))))) -> Comprar | M5: =IF(C5="","",IF(H5="Agotado","",IF(H5="Próximamente",IF(Parámetros!$B$17="","","mailto:"&Parámetros!$B$17&"?subject=Aviso%20"&A5),IF(I5="Mensaje",IF(Parámetros!$B$17="","","mailto:"&Parámetros!$B$17&"?subject=Consulta%20"&A5),IF(I5="Directa",J5&"",""))))) -> https://example.com/pago/s-04
A6: S-05 | B6: =IFERROR(INDEX(Parámetros!$B$4:$B$6,MATCH(LEFT(A6,1),Parámetros!$A$4:$A$6,0)),"") -> Gorras | C6: Gorra de prueba 05 | D6: Texto de ejemplo para la ficha de la pieza. | E6: Material de ejemplo | F6: Talla única | G6: 450 | H6: Disponible | I6: Directa | J6: https://example.com/pago/s-05 | L6: =IF(C6="","",IF(H6="Agotado","Agotado",IF(H6="Próximamente","Avísame",IF(I6="Mensaje","Consultar",IF(I6="Directa","Comprar",""))))) -> Comprar | M6: =IF(C6="","",IF(H6="Agotado","",IF(H6="Próximamente",IF(Parámetros!$B$17="","","mailto:"&Parámetros!$B$17&"?subject=Aviso%20"&A6),IF(I6="Mensaje",IF(Parámetros!$B$17="","","mailto:"&Parámetros!$B$17&"?subject=Consulta%20"&A6),IF(I6="Directa",J6&"",""))))) -> https://example.com/pago/s-05
A7: S-06 | B7: =IFERROR(INDEX(Parámetros!$B$4:$B$6,MATCH(LEFT(A7,1),Parámetros!$A$4:$A$6,0)),"") -> Gorras | C7: Gorra de prueba 06 | D7: Texto de ejemplo para la ficha de la pieza. | E7: Material de ejemplo | F7: Talla única | G7: 450 | H7: Disponible | I7: Directa | J7: https://example.com/pago/s-06 | L7: =IF(C7="","",IF(H7="Agotado","Agotado",IF(H7="Próximamente","Avísame",IF(I7="Mensaje","Consultar",IF(I7="Directa","Comprar",""))))) -> Comprar | M7: =IF(C7="","",IF(H7="Agotado","",IF(H7="Próximamente",IF(Parámetros!$B$17="","","mailto:"&Parámetros!$B$17&"?subject=Aviso%20"&A7),IF(I7="Mensaje",IF(Parámetros!$B$17="","","mailto:"&Parámetros!$B$17&"?subject=Consulta%20"&A7),IF(I7="Directa",J7&"",""))))) -> https://example.com/pago/s-06
A8: S-07 | B8: =IFERROR(INDEX(Parámetros!$B$4:$B$6,MATCH(LEFT(A8,1),Parámetros!$A$4:$A$6,0)),"") -> Gorras | C8: Gorra de prueba 07 | D8: Texto de ejemplo para la ficha de la pieza. | E8: Material de ejemplo | F8: Talla única | G8: 450 | H8: Disponible | I8: Directa | J8: https://example.com/pago/s-07 | L8: =IF(C8="","",IF(H8="Agotado","Agotado",IF(H8="Próximamente","Avísame",IF(I8="Mensaje","Consultar",IF(I8="Directa","Comprar",""))))) -> Comprar | M8: =IF(C8="","",IF(H8="Agotado","",IF(H8="Próximamente",IF(Parámetros!$B$17="","","mailto:"&Parámetros!$B$17&"?subject=Aviso%20"&A8),IF(I8="Mensaje",IF(Parámetros!$B$17="","","mailto:"&Parámetros!$B$17&"?subject=Consulta%20"&A8),IF(I8="Directa",J8&"",""))))) -> https://example.com/pago/s-07
A9: S-08 | B9: =IFERROR(INDEX(Parámetros!$B$4:$B$6,MATCH(LEFT(A9,1),Parámetros!$A$4:$A$6,0)),"") -> Gorras | C9: Gorra de prueba 08 | D9: Texto de ejemplo para la ficha de la pieza. | E9: Material de ejemplo | F9: Talla única | G9: 450 | H9: Agotado | I9: Directa | J9: https://example.com/pago/s-08 | L9: =IF(C9="","",IF(H9="Agotado","Agotado",IF(H9="Próximamente","Avísame",IF(I9="Mensaje","Consultar",IF(I9="Directa","Comprar",""))))) -> Agotado | M9: =IF(C9="","",IF(H9="Agotado","",IF(H9="Próximamente",IF(Parámetros!$B$17="","","mailto:"&Parámetros!$B$17&"?subject=Aviso%20"&A9),IF(I9="Mensaje",IF(Parámetros!$B$17="","","mailto:"&Parámetros!$B$17&"?subject=Consulta%20"&A9),IF(I9="Directa",J9&"","")))))
A10: S-09 | B10: =IFERROR(INDEX(Parámetros!$B$4:$B$6,MATCH(LEFT(A10,1),Parámetros!$A$4:$A$6,0)),"") -> Gorras | C10: Gorra de prueba 09 | D10: Texto de ejemplo para la ficha de la pieza. | E10: Material de ejemplo | F10: Talla única | G10: 450 | H10: Próximamente | I10: Directa | J10: https://example.com/pago/s-09 | L10: =IF(C10="","",IF(H10="Agotado","Agotado",IF(H10="Próximamente","Avísame",IF(I10="Mensaje","Consultar",IF(I10="Directa","Comprar",""))))) -> Avísame | M10: =IF(C10="","",IF(H10="Agotado","",IF(H10="Próximamente",IF(Parámetros!$B$17="","","mailto:"&Parámetros!$B$17&"?subject=Aviso%20"&A10),IF(I10="Mensaje",IF(Parámetros!$B$17="","","mailto:"&Parámetros!$B$17&"?subject=Consulta%20"&A10),IF(I10="Directa",J10&"",""))))) -> mailto:pedidos@example.com?subject=Aviso%20S-09
A11: S-10 | B11: =IFERROR(INDEX(Parámetros!$B$4:$B$6,MATCH(LEFT(A11,1),Parámetros!$A$4:$A$6,0)),"") -> Gorras | C11: Gorra de prueba 10 | D11: Texto de ejemplo para la ficha de la pieza. | E11: Material de ejemplo | F11: Talla única | G11: 450 | H11: Disponible | I11: Directa | J11: https://example.com/pago/s-10 | L11: =IF(C11="","",IF(H11="Agotado","Agotado",IF(H11="Próximamente","Avísame",IF(I11="Mensaje","Consultar",IF(I11="Directa","Comprar",""))))) -> Comprar | M11: =IF(C11="","",IF(H11="Agotado","",IF(H11="Próximamente",IF(Parámetros!$B$17="","","mailto:"&Parámetros!$B$17&"?subject=Aviso%20"&A11),IF(I11="Mensaje",IF(Parámetros!$B$17="","","mailto:"&Parámetros!$B$17&"?subject=Consulta%20"&A11),IF(I11="Directa",J11&"",""))))) -> https://example.com/pago/s-10
A12: E-01 | B12: =IFERROR(INDEX(Parámetros!$B$4:$B$6,MATCH(LEFT(A12,1),Parámetros!$A$4:$A$6,0)),"") -> Chamarras | C12: Chamarra de prueba 01 | D12: Texto de ejemplo para la ficha de la pieza. | E12: Material de ejemplo | F12: S, M, L, XL | G12: 1800 | H12: Disponible | I12: Directa | J12: https://example.com/pago/e-01 | L12: =IF(C12="","",IF(H12="Agotado","Agotado",IF(H12="Próximamente","Avísame",IF(I12="Mensaje","Consultar",IF(I12="Directa","Comprar",""))))) -> Comprar | M12: =IF(C12="","",IF(H12="Agotado","",IF(H12="Próximamente",IF(Parámetros!$B$17="","","mailto:"&Parámetros!$B$17&"?subject=Aviso%20"&A12),IF(I12="Mensaje",IF(Parámetros!$B$17="","","mailto:"&Parámetros!$B$17&"?subject=Consulta%20"&A12),IF(I12="Directa",J12&"",""))))) -> https://example.com/pago/e-01
A13: E-02 | B13: =IFERROR(INDEX(Parámetros!$B$4:$B$6,MATCH(LEFT(A13,1),Parámetros!$A$4:$A$6,0)),"") -> Chamarras | C13: Chamarra de prueba 02 | D13: Texto de ejemplo para la ficha de la pieza. | E13: Material de ejemplo | F13: S, M, L, XL | G13: 1800 | H13: Disponible | I13: Directa | J13: https://example.com/pago/e-02 | L13: =IF(C13="","",IF(H13="Agotado","Agotado",IF(H13="Próximamente","Avísame",IF(I13="Mensaje","Consultar",IF(I13="Directa","Comprar",""))))) -> Comprar | M13: =IF(C13="","",IF(H13="Agotado","",IF(H13="Próximamente",IF(Parámetros!$B$17="","","mailto:"&Parámetros!$B$17&"?subject=Aviso%20"&A13),IF(I13="Mensaje",IF(Parámetros!$B$17="","","mailto:"&Parámetros!$B$17&"?subject=Consulta%20"&A13),IF(I13="Directa",J13&"",""))))) -> https://example.com/pago/e-02
... A21: E-10 | B21: =IFERROR(INDEX(Parámetros!$B$4:$B$6,MATCH(LEFT(A21,1),Parámetros!$A$4:$A$6,0)),"") -> Chamarras | C21: Chamarra de prueba 10 | D21: Texto de ejemplo para la ficha de la pieza. | E21: Material de ejemplo | F21: S, M, L, XL | G21: 1800 | H21: Próximamente | I21: Directa | J21: https://example.com/pago/e-10 | L21: =IF(C21="","",IF(H21="Agotado","Agotado",IF(H21="Próximamente","Avísame",IF(I21="Mensaje","Consultar",IF(I21="Directa","Comprar",""))))) -> Avísame | M21: =IF(C21="","",IF(H21="Agotado","",IF(H21="Próximamente",IF(Parámetros!$B$17="","","mailto:"&Parámetros!$B$17&"?subject=Aviso%20"&A21),IF(I21="Mensaje",IF(Parámetros!$B$17="","","mailto:"&Parámetros!$B$17&"?subject=Consulta%20"&A21),IF(I21="Directa",J21&"",""))))) -> mailto:pedidos@example.com?subject=Aviso%20E-10
A22: R-01 | B22: =IFERROR(INDEX(Parámetros!$B$4:$B$6,MATCH(LEFT(A22,1),Parámetros!$A$4:$A$6,0)),"") -> Calcetas | C22: Calcetas de prueba 01 | D22: Texto de ejemplo para la ficha de la pieza. | E22: Material de ejemplo | F22: Chica, mediana, grande | H22: Disponible | I22: Mensaje | L22: =IF(C22="","",IF(H22="Agotado","Agotado",IF(H22="Próximamente","Avísame",IF(I22="Mensaje","Consultar",IF(I22="Directa","Comprar",""))))) -> Consultar | M22: =IF(C22="","",IF(H22="Agotado","",IF(H22="Próximamente",IF(Parámetros!$B$17="","","mailto:"&Parámetros!$B$17&"?subject=Aviso%20"&A22),IF(I22="Mensaje",IF(Parámetros!$B$17="","","mailto:"&Parámetros!$B$17&"?subject=Consulta%20"&A22),IF(I22="Directa",J22&"",""))))) -> mailto:pedidos@example.com?subject=Consulta%20R-01
A23: R-02 | B23: =IFERROR(INDEX(Parámetros!$B$4:$B$6,MATCH(LEFT(A23,1),Parámetros!$A$4:$A$6,0)),"") -> Calcetas | C23: Calcetas de prueba 02 | D23: Texto de ejemplo para la ficha de la pieza. | E23: Material de ejemplo | F23: Chica, mediana, grande | H23: Disponible | I23: Mensaje | L23: =IF(C23="","",IF(H23="Agotado","Agotado",IF(H23="Próximamente","Avísame",IF(I23="Mensaje","Consultar",IF(I23="Directa","Comprar",""))))) -> Consultar | M23: =IF(C23="","",IF(H23="Agotado","",IF(H23="Próximamente",IF(Parámetros!$B$17="","","mailto:"&Parámetros!$B$17&"?subject=Aviso%20"&A23),IF(I23="Mensaje",IF(Parámetros!$B$17="","","mailto:"&Parámetros!$B$17&"?subject=Consulta%20"&A23),IF(I23="Directa",J23&"",""))))) -> mailto:pedidos@example.com?subject=Consulta%20R-02
A24: R-03 | B24: =IFERROR(INDEX(Parámetros!$B$4:$B$6,MATCH(LEFT(A24,1),Parámetros!$A$4:$A$6,0)),"") -> Calcetas | C24: Calcetas de prueba 03 | D24: Texto de ejemplo para la ficha de la pieza. | E24: Material de ejemplo | F24: Chica, mediana, grande | H24: Próximamente | I24: Mensaje | L24: =IF(C24="","",IF(H24="Agotado","Agotado",IF(H24="Próximamente","Avísame",IF(I24="Mensaje","Consultar",IF(I24="Directa","Comprar",""))))) -> Avísame | M24: =IF(C24="","",IF(H24="Agotado","",IF(H24="Próximamente",IF(Parámetros!$B$17="","","mailto:"&Parámetros!$B$17&"?subject=Aviso%20"&A24),IF(I24="Mensaje",IF(Parámetros!$B$17="","","mailto:"&Parámetros!$B$17&"?subject=Consulta%20"&A24),IF(I24="Directa",J24&"",""))))) -> mailto:pedidos@example.com?subject=Aviso%20R-03
A25: R-04 | B25: =IFERROR(INDEX(Parámetros!$B$4:$B$6,MATCH(LEFT(A25,1),Parámetros!$A$4:$A$6,0)),"") -> Calcetas | C25: Calcetas de prueba 04 | D25: Texto de ejemplo para la ficha de la pieza. | E25: Material de ejemplo | F25: Chica, mediana, grande | H25: Disponible | I25: Mensaje | L25: =IF(C25="","",IF(H25="Agotado","Agotado",IF(H25="Próximamente","Avísame",IF(I25="Mensaje","Consultar",IF(I25="Directa","Comprar",""))))) -> Consultar | M25: =IF(C25="","",IF(H25="Agotado","",IF(H25="Próximamente",IF(Parámetros!$B$17="","","mailto:"&Parámetros!$B$17&"?subject=Aviso%20"&A25),IF(I25="Mensaje",IF(Parámetros!$B$17="","","mailto:"&Parámetros!$B$17&"?subject=Consulta%20"&A25),IF(I25="Directa",J25&"",""))))) -> mailto:pedidos@example.com?subject=Consulta%20R-04
A26: R-05 | B26: =IFERROR(INDEX(Parámetros!$B$4:$B$6,MATCH(LEFT(A26,1),Parámetros!$A$4:$A$6,0)),"") -> Calcetas | C26: Calcetas de prueba 05 | D26: Texto de ejemplo para la ficha de la pieza. | E26: Material de ejemplo | F26: Chica, mediana, grande | H26: Disponible | I26: Mensaje | L26: =IF(C26="","",IF(H26="Agotado","Agotado",IF(H26="Próximamente","Avísame",IF(I26="Mensaje","Consultar",IF(I26="Directa","Comprar",""))))) -> Consultar | M26: =IF(C26="","",IF(H26="Agotado","",IF(H26="Próximamente",IF(Parámetros!$B$17="","","mailto:"&Parámetros!$B$17&"?subject=Aviso%20"&A26),IF(I26="Mensaje",IF(Parámetros!$B$17="","","mailto:"&Parámetros!$B$17&"?subject=Consulta%20"&A26),IF(I26="Directa",J26&"",""))))) -> mailto:pedidos@example.com?subject=Consulta%20R-05

Sheet Parámetros
A1: Parámetros
A3: Letra | B3: Familia (de prueba) | D3: Resumen | E3: Cantidad
A4: S | B4: Gorras | D4: Productos | E4: =COUNTA(Productos!A2:A26) -> 25
A5: E | B5: Chamarras | D5: Venta directa | E5: =COUNTIF(Productos!I2:I26,"Directa") -> 20
A6: R | B6: Calcetas | D6: Venta por mensaje | E6: =COUNTIF(Productos!I2:I26,"Mensaje") -> 5
D7: Disponibles | E7: =COUNTIF(Productos!H2:H26,"Disponible") -> 20
A8: Estados | D8: Agotados | E8: =COUNTIF(Productos!H2:H26,"Agotado") -> 2
A9: Disponible | D9: Próximamente | E9: =COUNTIF(Productos!H2:H26,"Próximamente") -> 3
A10: Agotado | D10: Fichas sin nombre | E10: =SUMPRODUCT(--(Productos!C2:C26="")) -> 0
A11: Próximamente | D11: Directa sin enlace de pago | E11: =SUMPRODUCT((Productos!I2:I26="Directa")*(Productos!C2:C26<>"")*(Productos!J2:J26="")) -> 0
A13: Tipos de venta
A14: Directa
A15: Mensaje
A17: Correo de pedidos | B17: pedidos@example.com
A18: Pendiente: escribirlo aquí una sola vez. Mientras esté vacío, los botones de consulta y aviso no generan enlace.
